id,created_at,created_phase,created_batch,rating_bundle,completion_code
5,"2015-12-25 02:30:13",1,1,0,i5Zt87ix
9,"2015-12-25 02:30:22",1,1,0,Tn7Hd0Wo
13,"2015-12-25 02:31:02",1,1,0,BHc7c0gS
14,"2015-12-25 02:31:03",1,1,0,2h30IzBF
16,"2015-12-25 02:31:51",1,1,0,PtYW5ew6
17,"2015-12-25 02:32:01",1,1,0,PTeZd9yV
22,"2015-12-25 02:43:12",1,1,0,pwtawc8Z
24,"2015-12-25 02:45:54",1,1,0,ti33Rnyj
25,"2015-12-25 02:45:57",1,1,0,HTjLW4cx
26,"2015-12-25 02:47:15",1,1,0,TjHE8Kon
27,"2015-12-25 02:52:54",1,1,0,vPxw1S6S
28,"2015-12-25 02:55:38",1,1,0,ozAu31YJ
30,"2015-12-25 03:01:09",1,1,0,Stp09Tzy
34,"2015-12-25 03:05:29",1,1,0,Ld3ysR51
37,"2015-12-25 03:16:07",1,1,0,DS6TpxXz
38,"2015-12-25 03:16:08",1,1,0,sKtHKmE6
39,"2015-12-25 03:31:35",1,1,0,i3oDzNAW
40,"2015-12-25 03:32:23",1,1,0,xgLEZD8h
41,"2015-12-25 03:37:33",1,1,0,xsplrBvh
42,"2015-12-25 03:52:22",1,1,0,u0zIJlqE
43,"2015-12-25 03:58:21",1,1,0,qIEsgVeI
46,"2015-12-25 04:25:19",1,1,0,1TMORQ71
49,"2015-12-25 05:05:24",1,1,0,5FqqUWvC
51,"2015-12-25 05:17:52",1,1,0,QxX3tanu
53,"2015-12-25 08:00:18",1,1,0,WJvfZoIa
54,"2015-12-25 13:02:49",1,2,0,ig9XTjA5
56,"2015-12-25 13:02:52",1,2,0,GHDIa7X3
59,"2015-12-25 13:03:19",1,2,0,woVq1lf1
60,"2015-12-25 13:03:26",1,2,0,I5ABwcOP
61,"2015-12-25 13:03:27",1,2,0,2ELgxgEp
62,"2015-12-25 13:04:10",1,2,0,2JB2t2ZN
63,"2015-12-25 13:04:18",1,2,0,8VnXwogW
65,"2015-12-25 13:09:47",1,2,0,EguLiufq
66,"2015-12-25 13:16:39",1,2,0,qMyaCJiC
68,"2015-12-25 13:18:09",1,2,0,zR7UQfRF
69,"2015-12-25 13:18:21",1,2,0,xF4zZqCd
72,"2015-12-25 13:24:32",1,2,0,rnvPZRKa
73,"2015-12-25 13:29:38",1,2,0,GQyCDoCV
74,"2015-12-25 13:40:19",1,2,0,4lqLlOVp
75,"2015-12-25 13:59:38",1,2,0,nsRVMOCM
79,"2015-12-25 15:05:35",1,2,0,RpPPxLh5
82,"2015-12-25 15:10:20",1,2,0,7ANDZsha
84,"2015-12-25 15:13:48",1,2,0,X6uuWrrg
85,"2015-12-25 15:18:55",1,2,0,FjDMRoCT
87,"2015-12-25 15:27:38",1,2,0,EqDtdQZx
88,"2015-12-25 15:30:41",1,2,0,Yns4qMH3
91,"2015-12-25 16:03:18",1,2,0,BrbkZtiv
92,"2015-12-25 16:08:20",1,2,0,EAaSoe2q
93,"2015-12-25 17:27:47",1,2,0,chZtwWjC
102,"2015-12-26 05:20:58",1,2,0,Lmfxm8fQ
106,"2015-12-27 15:30:33",2,3,0,sgOkjiiZ
108,"2015-12-27 15:30:52",2,3,0,1a9Z8pt0
109,"2015-12-27 15:31:10",2,3,0,zaV1g8MC
111,"2015-12-27 15:31:32",2,3,0,cG1N5phc
113,"2015-12-27 15:33:20",2,3,0,u9rZB0I1
114,"2015-12-27 15:33:39",2,3,0,Gn8KxBgF
115,"2015-12-27 15:33:39",2,3,0,plRDKWUQ
116,"2015-12-27 15:33:52",2,3,0,GhMzriFX
117,"2015-12-27 15:36:22",2,3,0,KoGxzDon
119,"2015-12-27 15:44:32",2,3,0,4JS3PHGH
120,"2015-12-27 15:46:24",2,3,0,UJJnqCX5
122,"2015-12-27 15:48:35",2,3,0,6OVWKDBj
123,"2015-12-27 16:00:25",2,3,0,RybFQ4rp
126,"2015-12-27 17:26:10",2,3,0,7M4nmL6u
128,"2015-12-27 17:45:55",2,3,0,syyukfbn
129,"2015-12-27 19:31:53",2,3,0,zQvwCd14
130,"2015-12-27 19:38:47",2,3,0,oQ5dG4qv
131,"2015-12-27 20:00:36",2,3,0,c5lFwU8o
132,"2015-12-27 22:31:04",2,3,0,n61dffyM
133,"2015-12-27 23:16:18",2,3,0,LQ1hL4XJ
135,"2015-12-27 23:52:14",2,4,0,dgKYDjua
136,"2015-12-27 23:52:19",2,4,0,UZMCKysa
139,"2015-12-27 23:52:55",2,4,0,XjATytBu
141,"2015-12-27 23:53:26",2,4,0,EdkUHqp4
142,"2015-12-27 23:53:27",2,4,0,ApI16S7m
144,"2015-12-27 23:55:37",2,4,0,DS9XitFQ
145,"2015-12-28 00:03:40",2,4,0,7GQhIKM3
146,"2015-12-28 00:05:29",2,4,0,MirjgjMo
147,"2015-12-28 00:13:30",2,4,0,RGSP7b0D
150,"2015-12-28 00:22:49",2,4,0,pBy9eGam
151,"2015-12-28 00:23:58",2,4,0,9cPa0FEQ
152,"2015-12-28 00:26:18",2,4,0,zFAniy6P
154,"2015-12-28 01:36:05",2,4,0,9kqbtCnK
155,"2015-12-28 01:59:03",2,4,0,sS3tahDn
156,"2015-12-28 02:52:45",2,4,0,mtW09uIp
157,"2015-12-28 02:54:01",2,4,0,6ut3eFNm
158,"2015-12-28 02:54:23",2,4,0,iBwUhMfG
159,"2015-12-28 02:54:36",2,4,0,rmUlI3zB
160,"2015-12-28 03:07:53",2,4,0,RFe010KX
162,"2015-12-28 04:12:57",2,4,0,qPwg1T9W
166,"2015-12-28 11:31:08",2,5,0,CPa3q4M8
167,"2015-12-28 11:35:52",2,5,0,zaiyf6Yr
168,"2015-12-28 11:37:14",2,5,0,reVpEodN
169,"2015-12-28 11:37:53",2,5,0,f1DRtdD5
170,"2015-12-28 11:40:09",2,5,0,V47N9FWF
173,"2015-12-28 11:47:32",2,5,0,Z7KBW01F
174,"2015-12-28 12:01:41",2,5,0,ByQGnBeP
175,"2015-12-28 12:08:08",2,5,0,5j6Vyehg
176,"2015-12-28 12:09:45",2,5,0,FN5aGZVy
177,"2015-12-28 12:15:13",2,5,0,T778l89H
181,"2015-12-28 12:51:10",2,5,0,qMWfDiS2
182,"2015-12-28 13:11:52",2,5,0,Tzchkedm
184,"2015-12-28 13:31:27",2,5,0,eNivHC6j
185,"2015-12-28 13:33:51",2,5,0,sWCRA4Zr
188,"2015-12-28 14:31:03",2,5,0,vv7CwybA
190,"2015-12-28 15:10:28",2,5,0,6f81fxti
191,"2015-12-28 15:11:19",2,5,0,LbrphS7q
192,"2015-12-28 15:28:00",2,5,0,FPFKtkGg
193,"2015-12-28 17:07:17",2,5,0,FTLPO4zy
195,"2015-12-28 18:39:24",2,5,0,cUAGfdcD
202,"2015-12-28 20:08:50",2,6,0,bzsHgITX
205,"2015-12-28 20:11:56",2,6,0,5qgFGeiT
206,"2015-12-28 20:14:31",2,6,0,aFYUMZda
208,"2015-12-28 20:20:29",2,6,0,RgO6baK3
209,"2015-12-28 20:22:35",2,6,0,ZoATmaQo
212,"2015-12-28 20:25:02",2,6,0,7X9WmmX1
214,"2015-12-28 20:27:37",2,6,0,hKEG9Gv1
218,"2015-12-28 20:54:15",2,6,0,UeaVqKzk
219,"2015-12-28 20:55:59",2,6,0,jWq45r63
220,"2015-12-28 20:58:45",2,6,0,a2XfgZNF
221,"2015-12-28 21:12:04",2,6,0,RjoLJNPK
222,"2015-12-28 21:40:02",2,6,0,sqbpLLx1
224,"2015-12-28 22:02:48",2,6,0,MSyYDCfk
225,"2015-12-28 22:15:37",2,6,0,2BDPAtyR
226,"2015-12-28 22:24:39",2,6,0,cv4sDCcQ
227,"2015-12-28 23:07:10",2,6,0,Q27OuIuJ
228,"2015-12-28 23:07:54",2,6,0,gM2lTj4b
230,"2015-12-28 23:08:33",2,6,0,RvMxZfuj
232,"2015-12-28 23:09:34",2,6,0,7pchadw3
233,"2015-12-28 23:10:58",2,6,0,Yv1pLsrm
235,"2015-12-29 00:31:49",2,6,0,bt1VJ2GW
237,"2015-12-29 00:40:40",2,6,0,8FfE6qiX
239,"2015-12-29 01:07:20",2,6,0,KSktv8fh
240,"2015-12-29 02:50:19",2,7,0,Tyf7PC4u
241,"2015-12-29 02:50:20",2,7,0,BU1jCzdm
242,"2015-12-29 02:50:20",2,7,0,S7AnpvN2
246,"2015-12-29 02:50:56",2,7,0,ZrsB7EUL
247,"2015-12-29 02:50:59",2,7,0,lvcx7npq
251,"2015-12-29 02:51:18",2,7,0,I6rZOG6k
252,"2015-12-29 02:51:22",2,7,0,fIsWJAD9
254,"2015-12-29 02:51:26",2,7,0,PIy5feTF
256,"2015-12-29 02:51:30",2,7,0,KzbKGnbQ
258,"2015-12-29 02:51:52",2,7,0,3SgWLjgQ
259,"2015-12-29 02:54:13",2,7,0,5vevwjHO
261,"2015-12-29 02:55:04",2,7,0,mBDZWXcS
262,"2015-12-29 02:57:05",2,7,0,UtJuqbHM
263,"2015-12-29 02:57:35",2,7,0,hqofn9sq
264,"2015-12-29 02:58:55",2,7,0,jhr5ZDe9
270,"2015-12-29 03:23:19",2,7,0,TT03m4ug
271,"2015-12-29 03:23:22",2,7,0,SdbrWlFj
273,"2015-12-29 03:27:33",2,7,0,pixASDBj
274,"2015-12-29 03:28:34",2,7,0,IJrM1PAJ
276,"2015-12-29 03:58:00",2,7,0,yL0c7XVg
279,"2015-12-29 04:26:12",2,7,0,R6I6xrWm
280,"2015-12-29 04:42:35",2,7,0,8yF7uS5O
281,"2015-12-29 04:48:28",2,7,0,sL9jMN2V
283,"2015-12-29 05:06:43",2,7,0,z2E7iSfp
284,"2015-12-29 05:30:14",2,7,0,MPUBk6Lj
286,"2015-12-29 11:26:12",2,8,0,dSTyy2ZD
287,"2015-12-29 11:26:26",2,8,0,CUAdVX2F
289,"2015-12-29 11:27:15",2,8,0,dkSx7Ahc
290,"2015-12-29 11:27:52",2,8,0,Qu0DziQS
293,"2015-12-29 11:32:05",2,8,0,RtSgKZ9b
294,"2015-12-29 11:33:54",2,8,0,dE0oPhKE
296,"2015-12-29 11:39:51",2,8,0,xJtPgpp8
297,"2015-12-29 11:45:37",2,8,0,R0Xzu1wl
299,"2015-12-29 11:54:31",2,8,0,hBJEzj4g
301,"2015-12-29 12:03:30",2,8,0,cECtLtNJ
302,"2015-12-29 12:21:07",2,8,0,G0ageAQ8
304,"2015-12-29 12:33:59",2,8,0,ChRDEpw9
306,"2015-12-29 12:47:34",2,8,0,iH6zpXyq
308,"2015-12-29 13:07:41",2,8,0,jhH89XtQ
309,"2015-12-29 13:08:52",2,8,0,O5MihsqM
311,"2015-12-29 14:25:58",2,8,0,jVp9w5VJ
312,"2015-12-29 14:42:13",2,8,0,oKfYbH0p
313,"2015-12-29 15:34:16",2,8,0,C1JIO4TX
316,"2015-12-29 16:09:31",2,8,0,RTxC3lbl
320,"2015-12-29 17:13:28",3,9,0,q3XnojB9
322,"2015-12-29 17:14:20",3,9,0,4zrUkC0b
325,"2015-12-29 17:14:45",3,9,0,w2Xaz3Eg
326,"2015-12-29 17:14:47",3,9,0,qb5UD3JT
327,"2015-12-29 17:14:49",3,9,0,9Aj6M59g
331,"2015-12-29 17:17:19",3,9,0,3iWMTpuR
334,"2015-12-29 17:27:15",3,9,0,qY7I2RLn
335,"2015-12-29 17:30:52",3,9,0,myM2XJZD
337,"2015-12-29 17:41:05",3,9,0,27eqcxlP
338,"2015-12-29 17:41:41",3,9,0,TsTm33RG
341,"2015-12-29 17:59:22",3,9,0,b4nyf0Yb
342,"2015-12-29 18:04:05",3,9,0,TrzJkrX9
344,"2015-12-29 18:12:09",3,9,0,1FSI6uY3
345,"2015-12-29 18:12:15",3,9,0,LHID7hyf
346,"2015-12-29 18:22:52",3,9,0,HREibT0F
348,"2015-12-29 18:45:57",3,9,0,BOlzFpOE
349,"2015-12-29 18:45:59",3,9,0,Ph1i2AHC
350,"2015-12-29 18:49:16",3,9,0,5Ky3f9TZ
353,"2015-12-29 19:59:52",3,9,0,NFoquaF9
356,"2015-12-29 21:02:06",3,9,0,ZomVa9LH
359,"2015-12-29 21:31:04",3,10,0,ca6nKfEd
363,"2015-12-29 21:31:26",3,10,0,mKlsnxh8
364,"2015-12-29 21:32:21",3,10,0,qUXhGFco
365,"2015-12-29 21:32:31",3,10,0,jeDwVNDk
366,"2015-12-29 21:32:48",3,10,0,mk0WBmEi
368,"2015-12-29 21:34:50",3,10,0,ARIawyt9
369,"2015-12-29 21:41:33",3,10,0,9YLYgind
370,"2015-12-29 21:42:04",3,10,0,lRNjgtfg
372,"2015-12-29 21:46:39",3,10,0,BPJNATqR
373,"2015-12-29 21:47:26",3,10,0,LMPrfVSK
374,"2015-12-29 21:48:05",3,10,0,AJR9U3tn
375,"2015-12-29 22:39:52",3,10,0,XT0FUpXf
379,"2015-12-29 23:01:11",3,10,0,8HIh8OMg
380,"2015-12-29 23:07:27",3,10,0,ployEy8c
381,"2015-12-29 23:14:23",3,10,0,ZuPdxYBB
383,"2015-12-30 00:07:19",3,10,0,ro9lWJeH
384,"2015-12-30 00:33:07",3,10,0,g707vhZs
386,"2015-12-30 01:19:25",3,10,0,JFgqqqVp
389,"2015-12-30 02:04:46",3,10,0,CdwT3T4j
390,"2015-12-30 03:28:37",3,10,0,v901F46d
391,"2015-12-30 08:43:51",3,11,0,SyMHCX4Z
392,"2015-12-30 08:43:57",3,11,0,vsTPPWQf
393,"2015-12-30 08:44:06",3,11,0,bB7jCH2J
394,"2015-12-30 08:44:18",3,11,0,mqECAtpg
395,"2015-12-30 08:44:22",3,11,0,T1YBqFNL
397,"2015-12-30 08:45:25",3,11,0,Zvvd7njV
398,"2015-12-30 08:45:59",3,11,0,BxZ8MHeX
399,"2015-12-30 08:47:51",3,11,0,GqaYjiHa
400,"2015-12-30 08:47:57",3,11,0,oKCeWaDu
401,"2015-12-30 08:49:04",3,11,0,1TMQIdXs
402,"2015-12-30 08:51:09",3,11,0,UO1UJoMj
404,"2015-12-30 09:01:02",3,11,0,d04fN2hm
405,"2015-12-30 09:19:40",3,11,0,wBBCnMUu
406,"2015-12-30 09:25:55",3,11,0,XFMUiGV7
411,"2015-12-30 10:01:52",3,11,0,cWTN3Mpc
413,"2015-12-30 10:54:44",3,11,0,kgH99bzO
414,"2015-12-30 11:08:46",3,11,0,6uUoVz8b
415,"2015-12-30 11:10:47",3,11,0,ghUSml7z
417,"2015-12-30 11:30:03",3,11,0,CvhindGD
419,"2015-12-30 12:03:16",3,11,0,aBO0JvNC
420,"2015-12-30 13:00:22",3,11,0,kXh7iAeD
423,"2015-12-30 13:53:33",3,12,0,v5HjLtZ8
424,"2015-12-30 13:53:38",3,12,0,NqDlbXXQ
425,"2015-12-30 13:54:06",3,12,0,95UZBbA7
426,"2015-12-30 13:54:31",3,12,0,MIsf6eIH
427,"2015-12-30 13:54:47",3,12,0,Jio3RuFs
429,"2015-12-30 13:57:31",3,12,0,AE4ADylF
430,"2015-12-30 13:57:40",3,12,0,8nloTAwA
432,"2015-12-30 13:58:52",3,12,0,ZvyCLwDs
433,"2015-12-30 14:00:10",3,12,0,59b1k5Oe
434,"2015-12-30 14:00:29",3,12,0,CDxu0axX
435,"2015-12-30 14:01:55",3,12,0,qKfV50C9
436,"2015-12-30 14:03:01",3,12,0,Yrjl0kPf
438,"2015-12-30 14:07:55",3,12,0,baXZjt5R
439,"2015-12-30 14:19:47",3,12,0,LK5AQNPp
440,"2015-12-30 14:21:00",3,12,0,d1r88Dkw
441,"2015-12-30 14:26:09",3,12,0,AwTQjdUY
442,"2015-12-30 14:27:49",3,12,0,yF8DPcSt
445,"2015-12-30 15:24:14",3,12,0,Hu6Nlnzj
447,"2015-12-30 17:18:51",3,12,0,JHxJ25GO
448,"2015-12-30 17:29:47",3,12,0,OcLDuN8V
450,"2015-12-30 18:26:38",3,13,0,oKQCCYp9
451,"2015-12-30 18:26:40",3,13,0,263mIMzX
453,"2015-12-30 18:27:21",3,13,0,zSNoxFmn
454,"2015-12-30 18:27:26",2,NULL,0,uYgwProf
455,"2015-12-30 18:28:09",3,13,0,cQKEcUzp
456,"2015-12-30 18:29:04",3,13,0,NAXDcT9W
457,"2015-12-30 18:30:36",3,13,0,uX10Z4UX
458,"2015-12-30 18:31:07",3,13,0,8tY1CsfN
460,"2015-12-30 18:33:14",3,13,0,idN9PJLZ
461,"2015-12-30 18:39:52",3,13,0,as7OJAgD
463,"2015-12-30 18:43:17",3,13,0,wla8xfBg
465,"2015-12-30 19:00:18",3,13,0,Ules6roP
466,"2015-12-30 19:09:36",3,13,0,5tl8I9Ue
467,"2015-12-30 19:13:18",3,13,0,ggTiKQOI
468,"2015-12-30 19:17:23",3,13,0,wT42tT4g
471,"2015-12-30 20:42:38",3,13,0,v3qZE5i2
472,"2015-12-30 20:52:21",3,13,0,pVXtWeRT
474,"2015-12-30 21:38:00",3,13,0,Sexi0qwv
475,"2015-12-30 22:04:27",3,13,0,KspcckjN
476,"2015-12-30 22:48:03",3,13,0,GrYByn9E
478,"2015-12-30 23:34:58",3,14,0,4Mod0JlZ
481,"2015-12-30 23:35:28",3,14,0,QT91PeoT
482,"2015-12-30 23:35:28",3,14,0,wjMxPo7X
484,"2015-12-30 23:35:37",3,14,0,Oj9rcOlI
485,"2015-12-30 23:35:38",3,14,0,Mla7pSNu
487,"2015-12-30 23:36:57",3,14,0,ahsoVxru
488,"2015-12-30 23:36:57",3,14,0,CTD0mjiX
492,"2015-12-30 23:39:52",3,14,0,KBnCaSna
494,"2015-12-30 23:42:10",3,14,0,Swcys8Za
495,"2015-12-30 23:42:30",3,14,0,HPoqJfrl
496,"2015-12-30 23:44:11",3,14,0,KqgvdW0R
498,"2015-12-30 23:45:31",3,14,0,vkEGCaAI
500,"2015-12-30 23:48:14",3,14,0,rZYfjKUz
501,"2015-12-30 23:52:34",3,14,0,5PEbTLof
502,"2015-12-30 23:53:11",3,14,0,dvHruP07
503,"2015-12-30 23:53:28",3,14,0,8i7oGczX
504,"2015-12-30 23:53:55",3,14,0,j4dizRi5
506,"2015-12-31 00:42:06",3,14,0,I4suHXji
509,"2015-12-31 01:07:18",3,14,0,mm8bgBRf
511,"2015-12-31 01:57:05",3,14,0,PRB4jTHl
512,"2015-12-31 02:50:26",3,14,0,iaMxBpXn
513,"2015-12-31 06:08:51",3,14,0,wSUc5uKI
704,"2016-03-03 15:03:58",10,NULL,34,0WPXIQst
705,"2016-03-03 15:03:58",10,NULL,47,F47ienby
706,"2016-03-03 15:04:02",10,NULL,11,xQOmvLRL
707,"2016-03-03 15:04:08",10,NULL,103,1NyS5hOp
708,"2016-03-03 15:04:10",10,NULL,23,Q1Nw3emy
709,"2016-03-03 15:04:12",10,NULL,66,mLTbVNra
710,"2016-03-03 15:04:14",10,NULL,8,TDzTHHf0
711,"2016-03-03 15:04:19",10,NULL,83,38goiKz7
712,"2016-03-03 15:04:23",10,NULL,49,MwiBt6AE
716,"2016-03-03 15:04:35",10,NULL,6,kSVfy0y5
720,"2016-03-03 15:04:46",10,NULL,109,Tl5GFdbk
721,"2016-03-03 15:04:48",10,NULL,62,MOCUcPFb
722,"2016-03-03 15:04:52",10,NULL,77,SUrgPTPb
723,"2016-03-03 15:05:08",10,NULL,100,QfT9Hijl
724,"2016-03-03 15:05:12",10,NULL,89,iML4dMXz
727,"2016-03-03 15:05:32",10,NULL,41,Plh95ria
728,"2016-03-03 15:05:46",10,NULL,45,YnOJCwcK
731,"2016-03-03 15:06:47",10,NULL,1,Qwwunpgo
733,"2016-03-03 15:09:07",10,NULL,91,oN4oXAYM
734,"2016-03-03 15:09:58",10,NULL,108,uNyZjWGu
735,"2016-03-03 15:10:19",10,NULL,54,fUpaadjX
736,"2016-03-03 15:10:20",10,NULL,38,9mMLdWOJ
738,"2016-03-03 15:10:40",10,NULL,63,eUaSAq3S
739,"2016-03-03 15:11:01",10,NULL,89,ndAwjE2r
740,"2016-03-03 15:11:06",10,NULL,97,9pKehtQ5
741,"2016-03-03 15:11:14",10,NULL,50,DXO6TRv9
742,"2016-03-03 15:11:15",10,NULL,30,O5zTcQiR
743,"2016-03-03 15:11:42",10,NULL,89,EEgkkZle
744,"2016-03-03 15:12:39",10,NULL,80,2Iir5pQX
746,"2016-03-03 15:13:00",10,NULL,14,IrsuJVxO
747,"2016-03-03 15:13:27",10,NULL,89,Hp94Y9rx
748,"2016-03-03 15:14:48",10,NULL,106,qP8GWxRK
750,"2016-03-03 15:18:52",10,NULL,58,p6mIK45h
753,"2016-03-03 15:21:48",10,NULL,6,6m6ALHeX
755,"2016-03-03 15:22:57",10,NULL,102,8Wxeixsd
756,"2016-03-03 15:24:22",10,NULL,48,34iE7fDU
757,"2016-03-03 15:24:42",10,NULL,53,bXjtlsdI
759,"2016-03-03 15:26:28",10,NULL,13,TmC0hf0N
760,"2016-03-03 15:27:44",10,NULL,16,AhQEllfw
761,"2016-03-03 15:28:04",10,NULL,51,lXe39EGD
762,"2016-03-03 15:30:26",10,NULL,46,VOLa9jbk
763,"2016-03-03 15:30:50",10,NULL,26,bfhx5DvI
764,"2016-03-03 15:32:29",10,NULL,94,4VaFI13i
766,"2016-03-03 15:33:45",10,NULL,23,VhyNsdDt
767,"2016-03-03 15:35:12",10,NULL,94,pz17TRCP
770,"2016-03-03 15:44:16",10,NULL,87,xuXcEJEp
771,"2016-03-03 15:45:12",10,NULL,14,gn2JJ0Vh
772,"2016-03-03 15:45:25",10,NULL,23,dWVBeGSc
773,"2016-03-03 15:46:07",10,NULL,37,MAiwMJeY
774,"2016-03-03 15:48:48",10,NULL,64,KyxR5ye6
776,"2016-03-03 15:52:41",10,NULL,50,wKOVkkab
777,"2016-03-03 15:54:11",10,NULL,22,8rC4Y5uC
781,"2016-03-03 16:08:40",10,NULL,105,IBo0IGAY
782,"2016-03-03 16:14:41",10,NULL,44,hJudf5aI
783,"2016-03-03 16:17:39",10,NULL,90,B1Ml7pkO
784,"2016-03-03 16:21:24",10,NULL,57,h7VFwUhH
787,"2016-03-03 16:26:16",10,NULL,43,PKUYWzvo
790,"2016-03-03 16:32:40",10,NULL,32,C8wAXMUu
792,"2016-03-03 16:37:01",10,NULL,25,TauM0uux
793,"2016-03-03 16:38:33",10,NULL,91,6gzP4B9I
794,"2016-03-03 16:40:50",10,NULL,88,4Sp3il6i
796,"2016-03-03 16:44:35",10,NULL,63,Go8hk6W7
798,"2016-03-03 16:56:35",10,NULL,45,mkt1iNPt
799,"2016-03-03 17:00:21",10,NULL,1,StenHc5C
800,"2016-03-03 17:01:51",10,NULL,44,5PDccWoS
801,"2016-03-03 17:11:53",10,NULL,24,4yJcl9vN
802,"2016-03-03 17:14:49",10,NULL,15,MWVO3zui
803,"2016-03-03 17:18:17",10,NULL,100,l7SKu2ee
805,"2016-03-03 17:24:01",10,NULL,10,ZBWI7Xty
806,"2016-03-03 17:26:54",10,NULL,105,6Hw8WTil
807,"2016-03-03 17:29:08",10,NULL,27,UgQ8JbSl
808,"2016-03-03 17:35:41",10,NULL,90,yNLZgU6v
809,"2016-03-03 17:35:42",10,NULL,86,QGME1INM
811,"2016-03-03 17:46:46",10,NULL,16,dMwqbEJ8
812,"2016-03-03 17:49:27",10,NULL,50,o3QCCKuZ
815,"2016-03-03 17:50:34",10,NULL,6,bDDxFgRE
816,"2016-03-03 17:50:54",10,NULL,87,UMnLsA5W
817,"2016-03-03 17:51:48",10,NULL,41,1K9Sl6tJ
818,"2016-03-03 17:54:53",10,NULL,74,EDDVdDOc
819,"2016-03-03 17:54:58",10,NULL,96,GTyIt22w
820,"2016-03-03 17:57:20",10,NULL,31,8jQNoC5D
821,"2016-03-03 18:06:29",10,NULL,40,aFI5fbwR
822,"2016-03-03 18:07:11",10,NULL,18,kqgSdfeN
824,"2016-03-03 18:23:14",10,NULL,104,3BQG4MEx
825,"2016-03-03 18:23:32",10,NULL,98,J7DTW23L
826,"2016-03-03 18:24:32",10,NULL,8,AQ6XOEsO
827,"2016-03-03 18:34:48",10,NULL,8,fnX9IfKu
829,"2016-03-03 19:06:43",10,NULL,35,tSW0qLqc
830,"2016-03-03 19:13:27",10,NULL,44,QTdJnxkz
831,"2016-03-03 19:25:08",10,NULL,36,kV8MPl3w
832,"2016-03-03 19:30:03",10,NULL,105,Xbg13PKY
833,"2016-03-03 19:41:07",10,NULL,26,HescYEU3
834,"2016-03-03 20:02:27",10,NULL,24,Ntb7s2R6
836,"2016-03-03 20:33:33",10,NULL,95,XX4BbZLI
837,"2016-03-03 20:48:26",10,NULL,2,swFTTYL8
838,"2016-03-03 21:53:34",10,NULL,16,Z7z2E2SO
839,"2016-03-03 22:23:03",10,NULL,86,ytQPJ5i4
841,"2016-03-03 23:09:09",10,NULL,26,Tm5KaWan
842,"2016-03-04 08:01:46",10,NULL,38,2HiS6Yl0
843,"2016-03-04 08:01:50",10,NULL,19,jgJo6yyC
844,"2016-03-04 08:01:51",10,NULL,33,UQxginNY
845,"2016-03-04 08:01:52",10,NULL,10,mfsEGPVh
846,"2016-03-04 08:01:59",10,NULL,81,ujUoZ5Wv
847,"2016-03-04 08:02:03",10,NULL,80,4Tx4sV7z
848,"2016-03-04 08:02:04",10,NULL,108,GOAjFOay
849,"2016-03-04 08:02:12",10,NULL,85,vfmf5h7N
850,"2016-03-04 08:02:15",10,NULL,94,xHFSjCVg
851,"2016-03-04 08:02:15",10,NULL,44,or8EsGQY
852,"2016-03-04 08:02:15",10,NULL,70,YZdhhjyu
854,"2016-03-04 08:02:17",10,NULL,108,LMFD1SeV
855,"2016-03-04 08:02:25",10,NULL,87,5rP1oShd
856,"2016-03-04 08:02:28",10,NULL,26,hB3sWiKd
857,"2016-03-04 08:02:37",10,NULL,34,rXEv5PPD
858,"2016-03-04 08:02:40",10,NULL,79,lejuPjKL
859,"2016-03-04 08:02:42",10,NULL,37,nGP50AEv
861,"2016-03-04 08:02:47",10,NULL,21,XI49vvia
862,"2016-03-04 08:02:48",10,NULL,43,GNka4ug1
865,"2016-03-04 08:02:59",10,NULL,108,yT0WemgU
866,"2016-03-04 08:03:00",10,NULL,20,4rrVDFW4
868,"2016-03-04 08:03:03",10,NULL,45,ViNwBg4v
869,"2016-03-04 08:03:05",10,NULL,107,dv2i1d8q
871,"2016-03-04 08:03:36",10,NULL,105,xP0MHGY6
873,"2016-03-04 08:03:38",10,NULL,43,d7sfrnnf
874,"2016-03-04 08:03:39",10,NULL,34,8aYjV1om
875,"2016-03-04 08:03:40",10,NULL,78,2fHWY7uU
876,"2016-03-04 08:03:45",10,NULL,28,QiJnM2Rr
878,"2016-03-04 08:03:50",10,NULL,17,F2fiExTx
879,"2016-03-04 08:03:54",10,NULL,86,Yub9dMKc
881,"2016-03-04 08:03:59",10,NULL,51,m3RireNJ
882,"2016-03-04 08:04:01",10,NULL,37,KjVgoO66
884,"2016-03-04 08:04:08",10,NULL,2,GnoHDiXd
885,"2016-03-04 08:04:38",10,NULL,60,GxPLRmYV
886,"2016-03-04 08:04:39",10,NULL,68,OvuHDXko
887,"2016-03-04 08:04:44",10,NULL,50,8klzCnru
888,"2016-03-04 08:04:45",10,NULL,11,yhx8iNZ5
889,"2016-03-04 08:04:46",10,NULL,106,chG9nCEU
891,"2016-03-04 08:05:06",10,NULL,82,uIizniR5
892,"2016-03-04 08:05:21",10,NULL,61,gpRMFixc
893,"2016-03-04 08:05:22",10,NULL,75,DRSOm8Om
894,"2016-03-04 08:05:28",10,NULL,75,bhviVMDg
895,"2016-03-04 08:05:28",10,NULL,110,B94Nf4gm
896,"2016-03-04 08:05:53",10,NULL,110,v60uQrYL
897,"2016-03-04 08:06:01",10,NULL,38,P32oVvRI
899,"2016-03-04 08:06:50",10,NULL,63,cc35ZwMd
900,"2016-03-04 08:07:08",10,NULL,102,M327uGG5
901,"2016-03-04 08:07:08",10,NULL,6,4pJQfVXx
904,"2016-03-04 08:09:41",10,NULL,79,YOQfGZ6M
906,"2016-03-04 08:10:27",10,NULL,87,9eOrJVnR
908,"2016-03-04 08:11:12",10,NULL,86,oirZPZTT
909,"2016-03-04 08:11:13",10,NULL,61,qhwe0sC7
911,"2016-03-04 08:14:31",10,NULL,53,ne6JxHab
912,"2016-03-04 08:16:32",10,NULL,87,eOP7sIFf
913,"2016-03-04 08:19:21",10,NULL,24,ceTfsem4
915,"2016-03-04 08:23:04",10,NULL,70,e2cr85pE
916,"2016-03-04 08:24:26",10,NULL,72,WRGDY5D2
917,"2016-03-04 08:28:54",10,NULL,42,ajfIVlYp
918,"2016-03-04 08:33:49",10,NULL,18,S3KKLEo1
919,"2016-03-04 08:35:26",10,NULL,34,eiAcMpeD
921,"2016-03-04 08:36:54",10,NULL,16,iedklhHu
923,"2016-03-04 08:39:05",10,NULL,48,G9SJQSxv
924,"2016-03-04 08:49:53",10,NULL,96,PIVYTkV1
925,"2016-03-04 08:51:36",10,NULL,33,OFIPC3p0
926,"2016-03-04 08:52:18",10,NULL,46,RSF3C4b3
927,"2016-03-04 08:58:30",10,NULL,68,wnTAIOp4
929,"2016-03-04 09:12:59",10,NULL,53,DT3YiNbP
932,"2016-03-04 09:33:01",10,NULL,12,r27Ho9Td
933,"2016-03-04 09:45:51",10,NULL,5,5sDHINEn
936,"2016-03-04 09:54:58",10,NULL,58,xaQErnY2
937,"2016-03-04 10:11:16",10,NULL,3,IfI7r6Gh
938,"2016-03-04 10:19:55",10,NULL,3,3XGkVqX8
939,"2016-03-04 10:21:15",10,NULL,33,WsmT5dyE
941,"2016-03-04 10:24:02",10,NULL,108,XwowXbqM
942,"2016-03-04 10:26:02",10,NULL,58,afEbe3Q6
943,"2016-03-04 11:04:00",10,NULL,17,iNkp8bzA
944,"2016-03-04 11:07:15",10,NULL,83,JnwsrBVY
945,"2016-03-04 11:10:04",10,NULL,63,saMTfHL8
946,"2016-03-04 11:19:41",10,NULL,82,b0AaDOol
947,"2016-03-04 11:22:52",10,NULL,4,H8vyilI6
948,"2016-03-04 11:32:30",10,NULL,99,CEf9Nr73
952,"2016-03-04 12:17:25",10,NULL,79,ijoqAzyW
953,"2016-03-04 12:32:14",10,NULL,17,CZ3WHMZy
954,"2016-03-04 12:33:30",10,NULL,48,2dXSR6im
955,"2016-03-04 12:49:25",10,NULL,106,7GoXHwEW
956,"2016-03-04 13:01:45",10,NULL,78,IjIxfZHV
957,"2016-03-04 13:07:47",10,NULL,64,0PEmnM86
958,"2016-03-04 13:17:00",10,NULL,109,aF5t5wsg
959,"2016-03-04 13:31:18",10,NULL,102,HonW5nl5
960,"2016-03-04 14:09:09",10,NULL,87,JkZZNeKJ
961,"2016-03-04 17:39:27",10,NULL,97,4LPgHSZz
963,"2016-03-09 19:09:33",10,NULL,77,hVeQAXhD
964,"2016-03-09 19:09:46",10,NULL,59,Hgtyvr0Z
965,"2016-03-09 19:10:03",10,NULL,15,FK2NYh5L
967,"2016-03-09 19:10:44",10,NULL,99,R4erreEL
969,"2016-03-09 19:11:21",10,NULL,19,41Ch9P3X
970,"2016-03-09 19:11:59",10,NULL,65,1r0hxlvw
971,"2016-03-09 19:12:37",10,NULL,30,IXbxeUym
973,"2016-03-09 19:13:14",10,NULL,73,2gBzCwH6
974,"2016-03-09 19:14:04",10,NULL,4,bFQ8B3My
975,"2016-03-09 19:14:23",10,NULL,98,ServerError
976,"2016-03-09 19:14:36",10,NULL,76,2KHpdTmV
977,"2016-03-09 19:15:17",10,NULL,69,X1QLQWLm
978,"2016-03-09 19:17:25",10,NULL,25,EakF2uQG
979,"2016-03-09 19:18:59",10,NULL,39,yZQETb08
980,"2016-03-09 19:19:09",10,NULL,49,7QIsJw5u
981,"2016-03-09 19:19:30",10,NULL,99,m14Wh2By
984,"2016-03-09 19:25:27",10,NULL,20,k5lxvymJ
985,"2016-03-09 19:26:39",10,NULL,103,bnPaAxDA
987,"2016-03-09 19:29:29",10,NULL,74,mBaQIoue
989,"2016-03-09 19:37:46",10,NULL,81,VUPlvU24
991,"2016-03-09 19:42:36",10,NULL,71,a8A3tka8
992,"2016-03-09 19:44:29",10,NULL,101,MbvtB0qB
993,"2016-03-09 20:05:00",10,NULL,74,xqlXW46z
994,"2016-03-09 20:14:03",10,NULL,72,nIxyeUFV
995,"2016-03-09 20:14:23",10,NULL,72,mgXpWS4X
996,"2016-03-09 20:24:43",10,NULL,21,APGbbWZB
998,"2016-03-09 20:46:47",10,NULL,92,hChvgwt8
1000,"2016-03-09 20:54:38",10,NULL,32,tt1ElxXQ
1001,"2016-03-09 20:54:40",10,NULL,98,08BpQPyc
1002,"2016-03-09 20:54:40",10,NULL,31,aVmr6nPx
1003,"2016-03-09 20:54:47",10,NULL,88,sBJBqG2P
1004,"2016-03-09 20:54:50",10,NULL,98,1SGjU9f3
1005,"2016-03-09 20:54:50",10,NULL,95,N2at4TrT
1009,"2016-03-09 20:55:21",10,NULL,57,FWVoEWxr
1010,"2016-03-09 20:55:27",10,NULL,66,OyIhKHfj
1012,"2016-03-09 20:55:34",10,NULL,28,f3dmCzP7
1014,"2016-03-09 20:55:38",10,NULL,52,6f7KghPs
1015,"2016-03-09 20:55:46",10,NULL,7,D0dPQKDA
1016,"2016-03-09 20:55:48",10,NULL,31,JtMC7KM2
1017,"2016-03-09 20:56:00",10,NULL,93,boDHryw5
1018,"2016-03-09 20:56:05",10,NULL,36,GwqnBfXB
1019,"2016-03-09 20:56:09",10,NULL,9,4ADEWuzw
1020,"2016-03-09 20:56:11",10,NULL,39,EJPQJujw
1021,"2016-03-09 20:56:43",10,NULL,36,8hOGpkf9
1022,"2016-03-09 20:57:35",10,NULL,107,AhlAsnBW
1023,"2016-03-09 21:00:05",10,NULL,13,BZpKtxiZ
1024,"2016-03-09 21:02:07",10,NULL,60,n6fje2r1
1025,"2016-03-09 21:03:53",10,NULL,29,sFGlh9d1
1026,"2016-03-09 21:05:15",10,NULL,5,OHdNMTFu
1027,"2016-03-09 21:05:37",10,NULL,27,Fr7JfxKt
1028,"2016-03-09 21:06:04",10,NULL,60,LIWwVsii
1029,"2016-03-09 21:09:31",10,NULL,84,BGEXIOS7
1030,"2016-03-09 21:10:20",10,NULL,84,MGPZByoE
1031,"2016-03-09 21:10:22",10,NULL,42,yncAyRlo
1032,"2016-03-09 21:11:20",10,NULL,40,3nwEEmrb
1033,"2016-03-09 21:14:54",10,NULL,55,2G46aolU
1034,"2016-03-09 21:15:14",10,NULL,60,lopQYOOE
1035,"2016-03-09 21:15:41",10,NULL,22,nArtfPTf
1036,"2016-03-09 21:15:42",10,NULL,85,TGR5Fj5q
1038,"2016-03-09 21:17:01",10,NULL,104,atpczsVS
1039,"2016-03-09 21:17:17",10,NULL,56,ALn2LYRq
1041,"2016-03-09 21:20:08",10,NULL,67,jcCABpfd
1043,"2016-03-09 21:22:55",10,NULL,54,CiYx65UL
1044,"2016-03-09 21:28:39",10,NULL,54,w2mANVdD
1047,"2016-03-09 21:43:07",10,NULL,104,pHkTnXkB
1049,"2016-03-09 22:11:17",10,NULL,47,E5eUsnmL
1050,"2016-03-09 22:11:47",10,NULL,56,37hhjvvy
1052,"2016-03-09 22:14:02",10,NULL,62,Pb2jNw75
1054,"2016-03-09 22:19:18",10,NULL,52,SndnFR0R
1055,"2016-03-09 22:19:30",10,NULL,29,tSGkzCOL
1056,"2016-03-09 22:25:38",10,NULL,62,9gOWsYLf
1057,"2016-03-09 22:34:28",10,NULL,56,FQ6D2XGV
1058,"2016-03-09 22:51:37",10,NULL,9,UqO3hbqO
1059,"2016-03-09 22:58:36",10,NULL,7,yQQHd6u3
1060,"2016-03-09 22:58:36",10,NULL,7,nRIy06g4
1062,"2016-03-09 23:25:57",10,NULL,67,KMItNhTC
1063,"2016-03-09 23:52:25",10,NULL,92,eHaW8DQf
1064,"2016-03-09 23:57:25",10,NULL,55,nkmrMmfs
1065,"2016-03-10 00:02:02",10,NULL,55,CZSbshSd
1066,"2016-03-10 00:11:49",10,NULL,93,UV2rACjL
1076,"2016-03-20 20:30:58",10,NULL,82,AdzDZCTD
1077,"2016-03-20 20:31:01",10,NULL,75,9u0sPbnB
1078,"2016-03-20 20:31:31",10,NULL,80,KdHx0fd3
1079,"2016-03-20 20:31:38",10,NULL,84,B8IU9oRA
1080,"2016-03-20 20:31:38",10,NULL,96,0u3x2FsD
1081,"2016-03-20 20:31:43",10,NULL,46,l9Bff4dM
1082,"2016-03-20 20:31:43",10,NULL,40,XGRicIoj
1083,"2016-03-20 20:31:46",10,NULL,67,PeEdKs95
1084,"2016-03-20 20:31:55",10,NULL,15,Krb4yoS7
1086,"2016-03-20 20:32:03",10,NULL,10,V8eCIVBn
1088,"2016-03-20 20:32:27",10,NULL,20,84TbVqjp
1089,"2016-03-20 20:32:45",10,NULL,22,E5J2iodz
1090,"2016-03-20 20:32:46",10,NULL,15,FLXfNYID
1091,"2016-03-20 20:32:52",10,NULL,70,BqaBMQf4
1092,"2016-03-20 20:32:56",10,NULL,30,DhAiU6Hx
1094,"2016-03-20 20:34:38",10,NULL,68,Qkog8Uby
1096,"2016-03-20 20:35:25",10,NULL,39,zJqsX5rF
1097,"2016-03-20 20:36:52",10,NULL,3,E0m8YRrU
1098,"2016-03-20 20:37:00",10,NULL,21,bRpghptq
1099,"2016-03-20 20:38:56",10,NULL,69,ARBTGbJ7
1100,"2016-03-20 20:39:29",10,NULL,83,4UwvY2Ht
1101,"2016-03-20 20:42:17",10,NULL,32,Hu2kR7Oi
1103,"2016-03-20 20:44:31",10,NULL,57,7zbzhbcQ
1105,"2016-03-20 20:46:09",10,NULL,13,J7mElFV8
1106,"2016-03-20 20:55:46",10,NULL,9,7aSIQYAA
1107,"2016-03-20 20:58:09",10,NULL,35,hMvOTE9a
1108,"2016-03-20 20:58:52",10,NULL,11,DPxErQzq
1110,"2016-03-20 21:03:08",10,NULL,66,FM2hGTBS
1111,"2016-03-20 21:05:43",10,NULL,27,YD9LN58j
1112,"2016-03-20 21:06:05",10,NULL,95,4FJz82ET
1113,"2016-03-20 21:07:02",10,NULL,25,nH65xrdd
1114,"2016-03-20 21:46:54",10,NULL,100,UxZjXOwn
1115,"2016-03-20 21:49:48",10,NULL,85,i9PoNeO1
1116,"2016-03-20 22:17:36",10,NULL,107,oSgfZrlz
1117,"2016-03-20 22:39:34",10,NULL,19,rkuSSweG
1118,"2016-03-20 22:51:41",10,NULL,5,Pcpa0Khj
1119,"2016-03-20 23:35:38",10,NULL,47,1HwyVt5B
1120,"2016-03-20 23:47:12",10,NULL,90,kR35MnWZ
1121,"2016-03-20 23:50:18",10,NULL,88,mzgNufOy
1122,"2016-03-21 01:40:23",10,NULL,14,cSTnHq0V
